ID,Text,Comment
BeaverBuddies.Menu.JoinCoopGame,"Join co-op game","Join co-op game"
BeaverBuddies.JoinCoopGame.EnterIp,"Enter the host's IP address or domain name:",""
BeaverBuddies.JoinCoopGame.Friends,"Friends' games",""
BeaverBuddies.JoinCoopGame.NoFriends,"No Steam friends are hosting a co-op game right now. When one opens a waiting room, it shows up here.",""
BeaverBuddies.JoinCoopGame.Join,"Join",""
BeaverBuddies.JoinCoopGame.ByAddress,"Join by IP address",""
BeaverBuddies.JoinCoopGame.Connect,"Connect",""
BeaverBuddies.JoinCoopGame.State.WaitingRoom,"Waiting room",""
BeaverBuddies.JoinCoopGame.State.Open,"Open to join",""
BeaverBuddies.JoinCoopGame.State.Started,"Already started",""
BeaverBuddies.JoinCoopGame.State.OtherVersion,"Version {0}",""
BeaverBuddies.JoinCoopGame.State.OlderVersion,"Older version",""
BeaverBuddies.JoinCoopGame.State.Looking,"Checking…",""
BeaverBuddies.FirstTimer.Message,"Looks like this is your first time with Timber Together. A quick look at the guide helps you get set up to play. Open it now?","It looks like this is your first time using Timber Together. We recommend taking a quick look through our guide to make sure you are set up to play. Would you like to do that now?"
BeaverBuddies.DuplicateMod.Message,"Another multiplayer mod is enabled: {0}.

Timber Together can't run alongside it, because both change the same parts of the game. Disable it in the mod list (or unsubscribe on the Workshop), then restart Timberborn.",""
BeaverBuddies.Saving.HostCoopGame,"Host co-op game","Host co-op game"
BeaverBuddies.JoinCoopGame.ConnectionFailedMessageWithError,"Couldn't join:
{0}
Open the troubleshooting guide?","Joining failed with error:
{0}
Would you like to open the troubleshooting guide?"
BeaverBuddies.JoinCoopGame.ConnectionFailedMessage,"Couldn't connect to the host. Open the troubleshooting guide?","Failed to connect to Host. Would you like to open the troubleshooting guide?"
BeaverBuddies.ClientDesynced.Message,"A player's game went out of sync and can't continue. Sorry about that! The host chooses Save and rehost and everyone else chooses Reconnect, in any order. You all meet again in the host's waiting room, which opens over each game. If problems continue, restart the game.",""
BeaverBuddies.ClientDesynced.ReportQuestion,"Before reloading, do you want to send a bug report to help us fix this?",""
BeaverBuddies.ClientDesynced.FailedToRehostMessage,"The game couldn't be saved for hosting. Save it with Save game, then host that save from Load game → Host co-op game.",""
BeaverBuddies.ClientDesynced.SaveAndRehostButton,"Save and rehost","Save and Rehost"
BeaverBuddies.ClientDesynced.WaitForRehostButton,"Reconnect (wait for rehost)","Reconnect (wait for Rehost)"
BeaverBuddies.ClientDesynced.PostBugReportButton,"Post bug report","Post Bug Report"
BeaverBuddies.Editor.StartingLocation1,"Starting location - Player 1",""
BeaverBuddies.Editor.StartingLocation2,"Starting location - Player 2",""
BeaverBuddies.Editor.StartingLocation3,"Starting location - Player 3",""
BeaverBuddies.Editor.StartingLocation4,"Starting location - Player 4",""
BeaverBuddies.NewGame.MaxStartingLocations,"Max starting locations",""
BeaverBuddies.ClientDesynced.ReportSuccess,"Success!",""
BeaverBuddies.ClientDesynced.ReportFailed,"Not sent",""
BeaverBuddies.ClientDesynced.ConsentAgreement,"Yes, I agree",""
BeaverBuddies.ClientDesynced.TracingEnabled,"Enabled",""
BeaverBuddies.ClientDesynced.EnableTracing,"Enable logging",""
BeaverBuddies.ClientDesynced.NeedToEnableTracing,"To report this desync, *every player* must first press Enable logging below. If it happens again, you can then post a detailed bug report automatically. Logging may cause some lag, and it stays on only until you restart the game.",""
BeaverBuddies.ClientDesynced.ConsentMessage,"Consent to share usage data

If you agree, the following from this game session is sent to the developers of this mod:

- Log data: collected automatically while you play, such as game events and what you do in the game.
- Save file: your current game save.

We try to keep this data mostly anonymous. But because it is sent as it is, it may include details that could identify you (such as file paths or usernames). The developers won't try to identify you from it.

Your choices:
- If you agree, the data is sent securely to the developers and used to improve the mod.
- If you don't agree, nothing is sent, and your game carries on as before.

By continuing, you confirm that you are at least the legal age of digital consent where you live.

Do you agree to share your data with the developers of this mod?",""
BeaverBuddies.Settings.ClientConnectionAddress,"Client connection address",""
BeaverBuddies.Settings.ClientConnectionAddress.Tooltip,"The host's address, filled in for you when you join by IP.",""
BeaverBuddies.Settings.Port,"Port",""
BeaverBuddies.Settings.Port.Tooltip,"The port used to host and join by IP. The host forwards it on their router.",""
BeaverBuddies.Settings.SilenceLogging,"Silence logging",""
BeaverBuddies.Settings.SilenceLogging.Tooltip,"For developers: no routine log lines from this mod. Warnings and errors are still logged.",""
BeaverBuddies.Settings.ShowFirstTimerMessage,"Show first-time message",""
BeaverBuddies.Settings.AlwaysTrace,"Always use detailed logging",""
BeaverBuddies.Settings.AlwaysTrace.Tooltip,"Logs desync details from the start, so even the first desync can be reported.
Every player must turn it on. It slows the game: colonies of 200+ beavers and bots can't keep up.",""
BeaverBuddies.Settings.ReportingConsent,"Consent to reporting",""
BeaverBuddies.Settings.EnableSteamConnection,"Enable Steam networking",""
BeaverBuddies.Settings.EnableSteamConnection.Tooltip,"Let players join through Steam (no port forwarding). Joining by IP still works.",""
BeaverBuddies.Settings.FriendsCanJoinSteamGame,"Allow friends to join directly via Steam",""
BeaverBuddies.Settings.FriendsCanJoinSteamGame.Tooltip,"Steam friends can join your game from their friends list, without an invite.",""
BeaverBuddies.Host.StartGame,"Start game",""
BeaverBuddies.Host.InviteFriends,"Invite friends",""
BeaverBuddies.JoinCoopGame.Success,"Joined! Receiving map...",""
BeaverBuddies.JoinCoopGame.Error.InvalidFormat,"That address isn't valid: its port can't be read.",""
BeaverBuddies.JoinCoopGame.Error.InvalidAddress,"That isn't a valid IP address.
It couldn't be found as a domain name either. Check the address and try again.",""
BeaverBuddies.JoinCoopGame.Error.CouldNotConnect,"Couldn't connect to the host. Check the address and port, and make sure the host is hosting and has forwarded the port if needed. Details:",""
BeaverBuddies.KeyBindings.Group,"Timber Together",""
BeaverBuddies.KeyBindings.Ping,"Ping location",""
BeaverBuddies.Settings.PingPlayerName,"Ping display name",""
BeaverBuddies.Settings.PingPlayerName.Tooltip,"Your name next to your pings, cursor and edits. Choose one nobody else in the game uses.",""
BeaverBuddies.Settings.PingColor,"Ping color",""
BeaverBuddies.Settings.PingColor.Tooltip,"The color of your pings, cursor and chat name on other players' screens.
Left on the default yellow, your cursor and chat name get a color by player number; pings stay yellow.",""
BeaverBuddies.Settings.GuestFpsFloor,"Ease off when a guest drops below this frame rate",""
BeaverBuddies.Settings.GuestFpsFloor.Tooltip,"Host only. Slows the game a little while a guest's frame rate is below this, then speeds back up.
Also in the connection panel during a game.",""
BeaverBuddies.Settings.GuestFpsFloor.Off,"Off",""
BeaverBuddies.Settings.GuestFpsFloor.20,"20 fps",""
BeaverBuddies.Settings.GuestFpsFloor.30,"30 fps",""
BeaverBuddies.Settings.GuestFpsFloor.45,"45 fps",""
BeaverBuddies.Settings.GuestFpsFloor.60,"60 fps",""
BeaverBuddies.Settings.RemoveSpeedLimit,"Remove the large colony speed limit",""
BeaverBuddies.Settings.RemoveSpeedLimit.Tooltip,"Runs at the chosen speed in a colony of any size (the game halves speed 7 in big ones).
In co-op, the host's choice applies to everyone.",""
BeaverBuddies.Settings.PlayerActivity,"Player activity indicators",""
BeaverBuddies.Settings.PlayerActivity.Tooltip,"Show other players' cursors, selections and edits, and share yours. Display only.
Change how each player looks to you in Options → Player cursors.",""
BeaverBuddies.Cursors.Button,"Player cursors",""
BeaverBuddies.Cursors.Title,"Player cursors",""
BeaverBuddies.Cursors.Subtitle,"Choose how each player's cursor looks to you. Only you see these changes.",""
BeaverBuddies.Cursors.None,"Nobody else is sharing their activity right now. Players show up here once they connect with Player activity indicators on.",""
BeaverBuddies.Cursors.TheirColor,"Their color",""
BeaverBuddies.Cursors.You,"You, in the chat",""
BeaverBuddies.Cursors.YouNote,"The color of your own name in the chat, on your screen only. Others see your Ping color, or the color for your player number.",""
BeaverBuddies.Cursors.Default,"Default",""
BeaverBuddies.Cursors.Red,"Red",""
BeaverBuddies.Cursors.Green,"Green",""
BeaverBuddies.Cursors.Blue,"Blue",""
BeaverBuddies.Cursors.Size,"Size",""
BeaverBuddies.Cursors.Transparency,"Transparency",""
BeaverBuddies.Cursors.Reset,"Reset",""
BeaverBuddies.Cursors.Done,"Done",""
BeaverBuddies.JoinCoopGame.Error.HostStarted,"The host has already started the game. Ask them to rehost and send you a new invite.",""
BeaverBuddies.KeyBindings.TogglePanel,"Toggle connection panel",""
BeaverBuddies.Settings.ConnectionPanelDisplay,"Connection panel",""
BeaverBuddies.Settings.ConnectionPanelDisplay.Tooltip,"The in-game panel showing players, ping, tick rate and whether you're in sync.
Click its title to collapse it. A key binding shows and hides it.",""
BeaverBuddies.Settings.ConnectionPanelDisplay.Expanded,"Expanded",""
BeaverBuddies.Settings.ConnectionPanelDisplay.Collapsed,"Collapsed",""
BeaverBuddies.Settings.ConnectionPanelDisplay.Hidden,"Hidden",""
BeaverBuddies.Settings.ConnectionPanelCorner,"Connection panel position",""
BeaverBuddies.Settings.ConnectionPanelCorner.Tooltip,"Which corner of the screen the connection panel sits in.",""
BeaverBuddies.Settings.ConnectionPanelCorner.TopLeft,"Top left",""
BeaverBuddies.Settings.ConnectionPanelCorner.TopRight,"Top right",""
BeaverBuddies.Settings.ConnectionPanelCorner.BottomLeft,"Bottom left",""
BeaverBuddies.Settings.ConnectionPanelCorner.BottomRight,"Bottom right",""
BeaverBuddies.Panel.Title,"Multiplayer",""
BeaverBuddies.Panel.Host,"Host",""
BeaverBuddies.Panel.Guest,"Guest",""
BeaverBuddies.Panel.PlayerNumber,"Player {0}",""
BeaverBuddies.Panel.PlayersOne,"{0} player",""
BeaverBuddies.Panel.PlayersMany,"{0} players",""
BeaverBuddies.Panel.PingValue,"{0} ms",""
BeaverBuddies.Panel.Measuring,"...",""
BeaverBuddies.Panel.NoResponse,"No response",""
BeaverBuddies.Panel.StatusInSync,"In sync",""
BeaverBuddies.Panel.StatusCatchingUp,"Catching up ({0} ticks behind)",""
BeaverBuddies.Panel.StatusWaiting,"Waiting for host",""
BeaverBuddies.Panel.StatusUnstable,"Connection unstable",""
BeaverBuddies.Panel.StatusDesynced,"Out of sync",""
BeaverBuddies.Panel.StatusDisconnected,"Disconnected",""
BeaverBuddies.Panel.LabelTickRate,"Tick rate",""
BeaverBuddies.Panel.LabelSpeed,"Speed",""
BeaverBuddies.Panel.LabelBehind,"Behind host",""
BeaverBuddies.Panel.LabelLink,"Connection",""
BeaverBuddies.Panel.LabelGuestsBehind,"Guest behind",""
BeaverBuddies.Panel.LabelPacing,"Easing off",""
BeaverBuddies.Panel.PacingValue,"{0}% of speed",""
BeaverBuddies.Panel.PacingHolding,"waiting for a guest",""
BeaverBuddies.Panel.PacingFpsValue,"{0}% (frame rate)",""
BeaverBuddies.Panel.LabelGuestFps,"Guest fps",""
BeaverBuddies.Panel.LabelFpsFloor,"Ease off below",""
BeaverBuddies.Panel.LabelFpsFloor.Tooltip,"Click to change. While a guest's frame rate stays below this, the host slows the game a little so they can keep up, then speeds back up. Off: never.",""
BeaverBuddies.Panel.FpsValue,"{0} fps",""
BeaverBuddies.Panel.FpsFloorOff,"Off",""
BeaverBuddies.Panel.TickRateValue,"{0} ticks/s",""
BeaverBuddies.Panel.SpeedValue,"{0}x",""
BeaverBuddies.Panel.Paused,"Paused",""
BeaverBuddies.Panel.PausedBy,"Paused by {0}",""
BeaverBuddies.Panel.TicksOne,"{0} tick",""
BeaverBuddies.Panel.TicksMany,"{0} ticks",""
BeaverBuddies.Panel.LinkDirect,"Direct",""
BeaverBuddies.Panel.LinkSteam,"Steam",""
BeaverBuddies.Mods.OtherPlayer,"the other player",""
BeaverBuddies.Mods.Intro,"Your mods don't match {0}'s. Mods that change the game can put your games out of sync (a desync).",""
BeaverBuddies.Mods.OnlyHere,"Only on your computer:",""
BeaverBuddies.Mods.OnlyThere,"Only on {0}'s computer:",""
BeaverBuddies.Mods.VersionsDiffer,"Different versions:",""
BeaverBuddies.Mods.VersionLine,"{0}: you have {1}, {2} has {3}",""
BeaverBuddies.Mods.More,"...and {0} more",""
BeaverBuddies.Mods.Advice,"Install and enable the same mods, at the same versions, on every computer, then host again. Mods that only change the interface are usually harmless.",""
BeaverBuddies.KeyBindings.FocusChat,"Chat: start typing",""
BeaverBuddies.Chat.Placeholder,"Type a message...",""
BeaverBuddies.Chat.Empty,"No messages yet",""
BeaverBuddies.Chat.Unread,"{0} new",""
BeaverBuddies.Chat.Unseen.Tooltip,"Messages you haven't seen yet. Click to see them.",""
BeaverBuddies.Chat.Boost,"Speed boost",""
BeaverBuddies.Chat.Boost.Tooltip,"Adds to the speed chosen at the top right, for everyone: speed 2 (3x) with +0.5 runs at 3.5x. Click - or + to step by 0.5, or type a number and press Enter. Range -6.5 to +23; the game never runs below 0.5x or above 30x.",""
BeaverBuddies.KeyBindings.FlipColonySeat,"Debug: act as the next colony (host)",""
BeaverBuddies.KeyBindings.FoundColony,"Found your colony (place its district center)",""
BeaverBuddies.KeyBindings.ToggleColonyRoads,"Show colonies' roads",""
BeaverBuddies.KeyBindings.TradeOverview,"Trading Posts and Colonies",""
BeaverBuddies.KeyBindings.DiagnosticsReport,"Write a diagnostics report",""
BeaverBuddies.Colony.Diagnostics.Written,"Diagnostics report saved and copied to the clipboard: paste it into your bug report. File: {0}",""
BeaverBuddies.DevMode.CoopWarning,"Dev mode is on. In co-op, only three dev tools are shared, and only while the host has dev mode on: instant unlock (Ctrl-click), Finish now on a construction site, and the dev panel's Add 1000 Science. Every other dev tool and key (the debug buttons, the dev panel, Delete on a selected beaver, the beaver and bot tools) changes only your game and puts it out of sync.",""
BeaverBuddies.TickOnce.CoopBlocked,"Tick once (the period key by default) is off while a co-op game is paused: it would advance only your game and desync it. Unpause to play on.",""
BeaverBuddies.Colony.Overview.Report,"Diagnostics report (Ctrl+Shift+J)",""
BeaverBuddies.Colony.Refused.OtherColony,"That belongs to another colony.",""
BeaverBuddies.Colony.Refused.DevModeOff,"Dev mode shortcuts only work while the host has dev mode on.",""
BeaverBuddies.Colony.Refused.HostRefused,"The host couldn't accept that action.",""
BeaverBuddies.Colony.Refused.NotStartedYet,"Not yet: the game is still starting. Try again in a moment.",""
BeaverBuddies.Colony.Refused.NothingOwn,"None of that belongs to your colony.",""
BeaverBuddies.Colony.Refused.Locked,"Your colony has not unlocked this building yet.",""
BeaverBuddies.Colony.Refused.Blocked,"That spot is taken, or a district center can't go there.",""
BeaverBuddies.Colony.Refused.FoundingConflict,"Your district center would join another colony's roads. Colonies' roads meet only at a Trading Post.",""
BeaverBuddies.Colony.Refused.NotEnoughScience,"Your colony doesn't have enough science.",""
BeaverBuddies.Colony.Refused.TouchesOtherColony,"That would join another colony's roads. Colonies' roads meet only at a Trading Post.",""
BeaverBuddies.Colony.Handover.YoursDied,"Your colony has no beavers left. Its buildings now belong to {0}. Press Ctrl+K to found a new colony.",""
BeaverBuddies.Colony.Handover.YoursAbandoned,"While you were away, your colony was handed to {0}. Press Ctrl+K to found a new colony.",""
BeaverBuddies.Colony.Handover.YoursByHost,"The host handed your colony to {0}. Press Ctrl+K to found a new colony.",""
BeaverBuddies.Colony.Handover.ReceivedDied,"{0} had no beavers left: its buildings and stock are now yours.",""
BeaverBuddies.Colony.Handover.ReceivedAbandoned,"{0}'s player has been away too long: their colony is now yours to run.",""
BeaverBuddies.Colony.Handover.ReceivedByHost,"The host handed {0} to you: its buildings and stock are now yours.",""
BeaverBuddies.Settings.AbandonedColonyDays,"Hand over a colony after its player is away (days)",""
BeaverBuddies.Settings.AbandonedColonyDays.Tooltip,"Host only. Days of hosted play a player may miss before their colony goes to the nearest active colony.
0 (default): never; a friend can look after it (Y). Mixed factions: only to a colony of its faction.",""
BeaverBuddies.Colony.RoadsJoined,"Two districts' roads have been joined without a District Crossing or Trading Post. Remove the joining path or building.",""
BeaverBuddies.Colony.DebugSeat,"Debug: your actions now count as colony {0}.",""
BeaverBuddies.Colony.PanelName,"{0} (colony {1})",""
BeaverBuddies.Colony.Founding.Prompt,"You can found your own colony. Place your district center anywhere its roads won't join another colony's (their roads show in their colors). It appears finished and is yours, with starting beavers, food and water. Cancel to keep playing together for now, and press Ctrl+K when you're ready.",""
BeaverBuddies.Colony.Founding.PlaceButton,"Place district center",""
BeaverBuddies.Colony.Founding.NotYours,"Only a player without a colony can found one, once.",""
BeaverBuddies.Colony.Founding.NotNeeded,"You already have a colony.",""
BeaverBuddies.Colony.Founding.HostFirst,"Host the game first: colonies are founded in a co-op game.",""
BeaverBuddies.Colony.Founding.NotStartedYet,"A colony can be founded once the game has started. Try again in a moment.",""
BeaverBuddies.Colony.Founding.Done,"A new colony has been founded.",""
BeaverBuddies.Colony.Founding.Failed,"The colony couldn't be founded there after all (the spot changed). Try again with Ctrl+K.",""
BeaverBuddies.Colony.Founding.Other,"A new colony has been founded: {0}.",""
BeaverBuddies.Building.TradingPost.DisplayName,"Trading Post",""
BeaverBuddies.Building.TradingPost.Description,"Lets two colonies trade goods, science and beavers. It's the only place their roads may meet. Build it between your road and another colony's, one road at each end. Each round, both sides' goods wait on their own half until both are in, then cross together.",""
BeaverBuddies.Building.TradingPost.FlavorDescription,"One beaver's surplus is another beaver's dam.",""
BeaverBuddies.Colony.Trade.ColonyN,"Colony {0}",""
BeaverBuddies.Colony.Trade.NotTradingTitle,"Not trading yet",""
BeaverBuddies.Colony.Trade.NotLinked,"A Trading Post trades once each half connects to a different colony's roads: one to yours, the other to a neighboring colony's. Until then, nothing crosses it.",""
BeaverBuddies.Colony.Trade.NoColonies,"Trading Posts only trade in a game with separate colonies. Nothing crosses this one.",""
BeaverBuddies.Colony.Trade.CrossingBetweenColonies,"A District Crossing moves nothing between two colonies. Build a Trading Post to trade between them.",""
BeaverBuddies.Colony.Trade.TradingWith,"Trading with {0}",""
BeaverBuddies.Colony.Trade.Between,"Between {0} and {1}",""
BeaverBuddies.Colony.Trade.TheirHalfTitle,"{0}'s half",""
BeaverBuddies.Colony.Trade.TheirHalf,"This half of the Trading Post is run by {0}. Your colony trades from its own half: the one your roads reach.",""
BeaverBuddies.Colony.Trade.SelectMyHalf,"Select your half",""
BeaverBuddies.Colony.Trade.ViewOnly,"Only {0} and {1} trade here.",""
BeaverBuddies.Colony.Trade.AllPostsShort,"All posts",""
BeaverBuddies.Colony.Trade.AllPostsTooltip,"Your Trading Posts with their exchanges, and every colony.",""
BeaverBuddies.Colony.Trade.YouGiveCaption,"You give",""
BeaverBuddies.Colony.Trade.YouGetCaption,"You get",""
BeaverBuddies.Colony.Trade.YouHaveN,"You have {0}",""
BeaverBuddies.Colony.Trade.TheyHaveN,"{0} has {1}",""
BeaverBuddies.Colony.Trade.ChooseTooltip,"Choose what to trade",""
BeaverBuddies.Colony.Trade.StepLess,"-{0} (Shift+click: -{1})",""
BeaverBuddies.Colony.Trade.StepMore,"+{0} (Shift+click: +{1})",""
BeaverBuddies.Colony.Trade.AmountTooltip,"How many each round: 0 to {0}. Type more and the offer is split into rounds.",""
BeaverBuddies.Colony.Trade.RoundsCaption,"Rounds",""
BeaverBuddies.Colony.Trade.RoundsNote,"up to {0} of each per round",""
BeaverBuddies.Colony.Trade.RoundsTooltip,"How many times the exchange runs: 1 to {0}. Each round crosses on its own.",""
BeaverBuddies.Colony.Trade.RepeatToggle,"Repeat until cancelled",""
BeaverBuddies.Colony.Trade.RepeatTooltip,"A standing deal: round after round, until both colonies agree to end it.",""
BeaverBuddies.Colony.Trade.SummaryExchange,"{0} for {1}",""
BeaverBuddies.Colony.Trade.SummaryGift,"Gift to {0}: {1}",""
BeaverBuddies.Colony.Trade.SummaryRequest,"Request from {0}: {1}",""
BeaverBuddies.Colony.Trade.RoundsOnce,"Once.",""
BeaverBuddies.Colony.Trade.RoundsMany,"{0} rounds of {1}",""
BeaverBuddies.Colony.Trade.RoundsRepeat,"Repeating: {0} a round, until you both agree to stop",""
BeaverBuddies.Colony.Trade.ErrorAmount,"Each side gives a whole number, up to {0} in all over at most {1} rounds.",""
BeaverBuddies.Colony.Trade.ErrorRounds,"Rounds go from 1 to {0}.",""
BeaverBuddies.Colony.Trade.ErrorNothing,"Set an amount above 0 on at least one side.",""
BeaverBuddies.Colony.Trade.ErrorSame,"Choose two different goods.",""
BeaverBuddies.Colony.Trade.ErrorNoItem,"Choose what to trade.",""
BeaverBuddies.Colony.Trade.Propose,"Make offer",""
BeaverBuddies.Colony.Trade.ProposeTooltip,"Each round, your Trading Post workers bring what you give to your half, and {0}'s bring theirs to their half. When both sides are in, everything crosses at once: goods to the other half, science from pool to pool, beavers to the other district.",""
BeaverBuddies.Colony.Trade.PickGive,"What you give",""
BeaverBuddies.Colony.Trade.PickGet,"What you ask {0} for",""
BeaverBuddies.Colony.Trade.InStockOnly,"Only what is in stock",""
BeaverBuddies.Colony.Trade.NoneInStock,"Nothing in stock here yet. Untick the box to see every good.",""
BeaverBuddies.Colony.Trade.CellTooltip,"{0}: {1} in stock",""
BeaverBuddies.Colony.Trade.YourOfferTitle,"Your offer",""
BeaverBuddies.Colony.Trade.WaitingFor,"waiting for {0}",""
BeaverBuddies.Colony.Trade.TheyOfferTitle,"{0} offers an exchange",""
BeaverBuddies.Colony.Trade.YouHaveNote,"you have {0}",""
BeaverBuddies.Colony.Trade.Accept,"Accept",""
BeaverBuddies.Colony.Trade.Decline,"Decline",""
BeaverBuddies.Colony.Trade.Withdraw,"Withdraw offer",""
BeaverBuddies.Colony.Trade.UnderWayTitle,"Exchange under way",""
BeaverBuddies.Colony.Trade.PausedTitle,"Exchange paused",""
BeaverBuddies.Colony.Trade.RoundRepeating,"round {0}, repeating",""
BeaverBuddies.Colony.Trade.RoundOf,"round {0} of {1}",""
BeaverBuddies.Colony.Trade.ProgressText,"{0} / {1} {2}",""
BeaverBuddies.Colony.Trade.NoteOnYourHalf,"on your half",""
BeaverBuddies.Colony.Trade.NoteOnTheirHalf,"on their half",""
BeaverBuddies.Colony.Trade.NoteScience,"to spare in the pool",""
BeaverBuddies.Colony.Trade.NoteBeavers,"adults to spare",""
BeaverBuddies.Colony.Trade.StatusOnHold,"On hold: a colony asked to end the exchange.",""
BeaverBuddies.Colony.Trade.StatusYourScience,"You need {0} more science.",""
BeaverBuddies.Colony.Trade.StatusYourBeavers,"You need {0} adults free to go. One always stays.",""
BeaverBuddies.Colony.Trade.StatusNoWorkers,"Your half has no workers. Assign some.",""
BeaverBuddies.Colony.Trade.StatusYouBring,"Your workers are bringing {0} more {1}.",""
BeaverBuddies.Colony.Trade.StatusTheirSpecial,"Your side is in. Waiting for {0}'s {1}.",""
BeaverBuddies.Colony.Trade.StatusTheyBring,"Your side is in. Waiting for {0} to bring {1} more {2}.",""
BeaverBuddies.Colony.Trade.StatusCrossing,"Both sides are in. Crossing now.",""
BeaverBuddies.Colony.Trade.PausedStatus,"This Trading Post no longer joins your two colonies, so nothing crosses it.",""
BeaverBuddies.Colony.Trade.AskCancel,"Cancel exchange",""
BeaverBuddies.Colony.Trade.AskCancelTooltip,"Asks {0} to end the exchange. It ends once both colonies agree. Any goods already brought for the round then go back to the colony that brought them. Finished rounds are not undone.",""
BeaverBuddies.Colony.Trade.AgreeCancel,"Agree to cancel",""
BeaverBuddies.Colony.Trade.AgreeCancelTooltip,"Ends the exchange. Any goods already brought for the round go back to the colony that brought them. Finished rounds are not undone.",""
BeaverBuddies.Colony.Trade.KeepTrading,"Keep trading",""
BeaverBuddies.Colony.Trade.EndExchange,"End exchange",""
BeaverBuddies.Colony.Trade.EndExchangeTooltip,"Ends the exchange now. The other colony can't answer while this Trading Post doesn't join your colonies. Goods waiting on your half go to your storage.",""
BeaverBuddies.Colony.Trade.PausedCancel,"You can end it. The goods waiting on your half go to your storage.",""
BeaverBuddies.Colony.Trade.TheyAskCancel,"{0} asks to end this exchange. Nothing crosses until you answer.",""
BeaverBuddies.Colony.Trade.YouAskedCancel,"You asked {0} to end this exchange. Nothing crosses until they answer.",""
BeaverBuddies.Colony.Trade.OnThisHalf,"On this half",""
BeaverBuddies.Colony.Trade.OnThisHalfTooltip,"Goods waiting on your half: yours, held for the round under way, or the other colony's, waiting for your workers to haul them to storage. A Trading Post keeps nothing else.",""
BeaverBuddies.Colony.Trade.LedgerTitle,"Ledger",""
BeaverBuddies.Colony.Trade.LedgerTooltip,"Every round that crossed at this Trading Post, newest first: the cycle and day, what your colony gave and what it got.",""
BeaverBuddies.Colony.Trade.LedgerEmpty,"No round has crossed here yet.",""
BeaverBuddies.Colony.Trade.LedgerGave,"gave",""
BeaverBuddies.Colony.Trade.LedgerGot,"got",""
BeaverBuddies.Colony.Trade.LedgerYouGave,"You gave",""
BeaverBuddies.Colony.Trade.LedgerTheyGave,"{0} gave",""
BeaverBuddies.Colony.Trade.LedgerMore,"and {0} earlier",""
BeaverBuddies.Colony.Trade.LedgerClear,"Clear",""
BeaverBuddies.Colony.Trade.LedgerClearTooltip,"Empty this ledger. The totals traded below stay, and the other colony keeps its own ledger.",""
BeaverBuddies.Colony.Trade.TradedWith,"Traded with {0} (all posts)",""
BeaverBuddies.Colony.Trade.YouSent,"You sent",""
BeaverBuddies.Colony.Trade.YouReceived,"You received",""
BeaverBuddies.Colony.Trade.Nothing,"nothing yet",""
BeaverBuddies.Colony.Trade.NothingInReturn,"nothing",""
BeaverBuddies.Colony.Trade.HostFirst,"Trading works in a co-op game: host the game first (even alone).",""
BeaverBuddies.Colony.Trade.Notice.Proposed,"{0} offers {1} for {2} at a Trading Post.
Click here to answer.",""
BeaverBuddies.Colony.Trade.Notice.ProposedRounds,"{0} offers {1} for {2} in all, over {3} rounds, at a Trading Post.
Click here to answer.",""
BeaverBuddies.Colony.Trade.Notice.ProposedRepeat,"{0} offers {1} for {2} every round, until you both stop, at a Trading Post.
Click here to answer.",""
BeaverBuddies.Colony.Trade.Notice.Accepted,"{0} accepted your exchange: {1} for {2}.",""
BeaverBuddies.Colony.Trade.Notice.AcceptedRounds,"{0} accepted your exchange: {1} for {2} in all, over {3} rounds.",""
BeaverBuddies.Colony.Trade.Notice.AcceptedRepeat,"{0} accepted your exchange: {1} for {2} every round, until you both stop.",""
BeaverBuddies.Colony.Trade.Notice.Declined,"{0} declined your exchange offer.",""
BeaverBuddies.Colony.Trade.Notice.Withdrawn,"{0} withdrew their exchange offer.",""
BeaverBuddies.Colony.Trade.Notice.CancelAsked,"{0} asks to end your exchange at a Trading Post.
Click here to answer.",""
BeaverBuddies.Colony.Trade.Notice.CancelRefused,"{0} wants to keep the exchange going.",""
BeaverBuddies.Colony.Trade.Notice.CancelWithdrawn,"{0} no longer asks to end the exchange.",""
BeaverBuddies.Colony.Trade.Notice.Cancelled,"The exchange between {0} and {1} was cancelled. Any goods already brought to the Trading Post go back to the colony that brought them.",""
BeaverBuddies.Colony.Trade.Notice.Complete,"The exchange between {0} and {1} is complete.",""
BeaverBuddies.Colony.Trade.Notice.Void,"An exchange ended: its Trading Post no longer joins the two colonies that agreed to it.",""
BeaverBuddies.Colony.Trade.Notification.Joined,"{0} joined the colony from {1} through a Trading Post.",""
BeaverBuddies.Colony.Trade.ItemScience,"Science",""
BeaverBuddies.Colony.Trade.ItemBeavers,"Beavers",""
BeaverBuddies.Colony.Trade.ItemBeaver,"Beaver",""
BeaverBuddies.Colony.Overview.Title,"Trading Posts and Colonies",""
BeaverBuddies.Colony.Overview.Button,"Trade",""
BeaverBuddies.Colony.Overview.ButtonTooltip,"Trading Posts and Colonies",""
BeaverBuddies.Colony.Overview.CloseTooltip,"Close",""
BeaverBuddies.Colony.Overview.Posts,"Trading Posts ({0})",""
BeaverBuddies.Colony.Overview.NoPosts,"None yet. Build a Trading Post between your road and another colony's.",""
BeaverBuddies.Colony.Overview.GoTo,"Go to",""
BeaverBuddies.Colony.Overview.With,"With {0}",""
BeaverBuddies.Colony.Overview.Idle,"No exchange.",""
BeaverBuddies.Colony.Overview.NotTrading,"The other half needs a neighboring colony's roads.",""
BeaverBuddies.Colony.Overview.YouOffered,"You offered {0}. Waiting for an answer.",""
BeaverBuddies.Colony.Overview.TheyOffer,"They offer {0}. Go there to answer.",""
BeaverBuddies.Colony.Overview.Deal,"{0} for {1}",""
BeaverBuddies.Colony.Overview.DealRepeat,"{0} for {1} every round",""
BeaverBuddies.Colony.Overview.Progress,"Your side: {0}. Their side: {1}.",""
BeaverBuddies.Colony.Overview.SideSpecial,"{0}, {1}",""
BeaverBuddies.Colony.Overview.SideReady,"ready",""
BeaverBuddies.Colony.Overview.SideNotReady,"not ready",""
BeaverBuddies.Colony.Overview.CancelAsked,"A colony asked to end it.",""
BeaverBuddies.Colony.Overview.Colonies,"Colonies",""
BeaverBuddies.Colony.Overview.You,"(you)",""
BeaverBuddies.Colony.Overview.NoColony,"No colony yet.",""
BeaverBuddies.Colony.Overview.Beavers,"Beavers: {0}",""
BeaverBuddies.Colony.Overview.Bots,"Bots: {0}",""
BeaverBuddies.Colony.Overview.Dead,"no beavers left: handed to a neighbor within a day",""
BeaverBuddies.Colony.Overview.Playing,"playing",""
BeaverBuddies.Colony.Overview.Away,"player away (missed {0} days of hosted play)",""
BeaverBuddies.Colony.Overview.AwayUnknown,"player away",""
BeaverBuddies.Colony.Overview.HandTo,"Hand to {0}",""
BeaverBuddies.Colony.Overview.HandToOtherFactionTooltip,"The colonies of {0} and {1} are different factions. {1}'s colony can run what it receives, but builds only its own faction's buildings, and the beavers and bots it receives keep their own food and fuel.",""
BeaverBuddies.Colony.Overview.Hint,"Drag the title to move this window.
Y or Esc closes it.",""
BeaverBuddies.Colony.Overview.ReportTooltip,"Writes a diagnostics report for a bug report and copies it to the clipboard.",""
BeaverBuddies.Colony.Trade.Notice.OfferFailed,"Your offer wasn't sent: an exchange is already open at that Trading Post, or that half isn't yours.",""
BeaverBuddies.Colony.Trade.Notice.AcceptFailed,"The offer changed or was withdrawn before your answer arrived, so nothing was accepted.",""
BeaverBuddies.KeyBindings.GoHome,"Home: back to your colony",""
BeaverBuddies.Panel.LabelJoining,"Joining",""
BeaverBuddies.Panel.JoiningOpen,"Open, unpausing or any changes closes this",""
BeaverBuddies.Panel.RowTooltip,"Click to take your camera to {0}.",""
BeaverBuddies.Panel.RowYouTooltip,"Click to go back to your colony (also the Home key).",""
BeaverBuddies.Panel.SoundOnTooltip,"Sounds of {0}'s actions play here. Click to mute them.",""
BeaverBuddies.Panel.SoundOffTooltip,"Sounds of {0}'s actions are muted. Click to hear them again.",""
BeaverBuddies.Panel.SoundOnShort,"On",""
BeaverBuddies.Panel.SoundOffShort,"Off",""
BeaverBuddies.Panel.EyeOnTooltip,"{0}'s construction is shown. Click to hide it.",""
BeaverBuddies.Panel.EyeOffTooltip,"{0}'s construction is hidden. Click to show it.",""
BeaverBuddies.Panel.EyeOnShort,"Show",""
BeaverBuddies.Panel.EyeOffShort,"Hide",""
BeaverBuddies.Panel.PlayerNotOnMap,"{0}'s cursor is not on the map right now.",""
BeaverBuddies.Colony.Handover.Tomorrow,"{0} has missed {1} days of play. Unless they join tomorrow, their colony goes to the nearest colony of its faction.",""
BeaverBuddies.Colony.Steward.YouWereAsked,"You were asked to look after {0}. Open the trading window (Y) and press Run this colony to act as it.",""
BeaverBuddies.Colony.Steward.YouWereAskedButton,"You were asked to look after {0}. Press Run this colony to act as it, now or later from the trading window (Y).",""
BeaverBuddies.Colony.Steward.LooksAfterYours,"{0} now looks after your colony too. Take it back any time from the trading window (Y).",""
BeaverBuddies.Colony.Steward.YouNoLonger,"You no longer look after {0}.",""
BeaverBuddies.Colony.Steward.YoursAlone,"Your colony is yours alone again: {0} no longer looks after it.",""
BeaverBuddies.Colony.Steward.BackToYours,"Your actions count as your own colony's again.",""
BeaverBuddies.Colony.Steward.NowRunning,"You are now running {0}: your actions, toolbar and top bar are that colony's until you switch back (Y).",""
BeaverBuddies.Colony.Overview.YouRunning,"(you are running it)",""
BeaverBuddies.Colony.Overview.AwayOf,"player away (missed {0} of {1} days)",""
BeaverBuddies.Colony.Overview.AwayNoLimit,"player away (missed {0} days; the host never hands colonies over for absence)",""
BeaverBuddies.Colony.Overview.AwayNoSameFaction,"player away (missed {0} of {1} days; not handed over: no colony of its faction is being played)",""
BeaverBuddies.Colony.Overview.SupplyDays,"{0} ({1} days)",""
BeaverBuddies.Colony.Overview.SupplyNoDays,"{0}",""
BeaverBuddies.Colony.Overview.SuppliesTooltip,"Food and water in this colony's districts, and how many days they last at yesterday's use.",""
BeaverBuddies.Colony.Overview.Goods,"Goods ({0})",""
BeaverBuddies.Colony.Overview.GoodsTooltip,"Every good this colony has in stock, over all its districts.",""
BeaverBuddies.Colony.Overview.LetLookAfter,"Let {0} look after it",""
BeaverBuddies.Colony.Overview.TakeBack,"Take it back",""
BeaverBuddies.Colony.Overview.BackToYours,"Back to your colony",""
BeaverBuddies.Colony.Overview.RunColony,"Run this colony",""
BeaverBuddies.Colony.Overview.EndStewardship,"End stewardship",""
BeaverBuddies.Colony.Overview.YouLookAfter,"You look after this colony.",""
BeaverBuddies.Colony.Overview.LookedAfterBy,"Looked after by {0}.",""
BeaverBuddies.Colony.Overview.RunBy,"{0} is running it now.",""
BeaverBuddies.Colony.Overview.YouAreRunning,"You are running {0} now.",""
BeaverBuddies.Colony.Overview.LookingFor,"Looking for:",""
BeaverBuddies.Colony.Overview.LookingForTooltip,"Up to three things your colony would like to receive. Other players see them here and in the goods grid when they choose what to give you.",""
BeaverBuddies.Colony.Overview.AddWishTooltip,"Add something your colony is looking for.",""
BeaverBuddies.Colony.Overview.ClearWishes,"Clear",""
BeaverBuddies.Colony.Overview.WishTooltip,"{0}. Click to choose something else.",""
BeaverBuddies.Colony.Overview.PickWish,"What your colony is looking for",""
BeaverBuddies.Colony.Trade.TheyWant,"{0} is looking for:",""
BeaverBuddies.Colony.Trade.TheyWantTooltip,"What the other colony would like to receive (set in the trading window, Y).",""
BeaverBuddies.Colony.Trade.OfferAgain,"Offer again",""
BeaverBuddies.Colony.Trade.OfferAgainTooltip,"Puts the last exchange's terms back into the form.",""
BeaverBuddies.Colony.Trade.LastTerms,"Last exchange here: {0} for {1}.",""
BeaverBuddies.Colony.Trade.KeepCaption,"Keep at least",""
BeaverBuddies.Colony.Trade.KeepNote,"of what you give",""
BeaverBuddies.Colony.Trade.KeepTooltip,"A reserve: your side is brought (or paid) only while your colony has at least this much left after the round, so a standing deal never starves you. Each side sets its own; 0 for none.",""
BeaverBuddies.Colony.Trade.KeepBoxTooltip,"0 to {0}.",""
BeaverBuddies.Colony.Trade.ErrorKeep,"Keep at least goes from 0 to {0}.",""
BeaverBuddies.Colony.Trade.SummaryKeep,"You keep at least {0} {1}",""
BeaverBuddies.Colony.Trade.SummarySplit,"Split into rounds: a Trading Post carries up to {2} of each a round.",""
BeaverBuddies.Colony.Trade.SummarySplitRepeat,"Each round is {0} for {1}: a Trading Post carries up to {2} of each a round.",""
BeaverBuddies.Colony.Trade.DeclineTooltip,"Declines the offer. Its terms stay in your form, so you can change a number and offer back.",""
BeaverBuddies.Colony.Trade.WithdrawTooltip,"Takes the offer back. Its terms stay in your form.",""
BeaverBuddies.Colony.Trade.StatusYourReserve,"You keep {0} {1} back. Waiting for more.",""
BeaverBuddies.Colony.Trade.StatusTheirReserve,"Your side is in. {0} keeps a reserve. Waiting for them.",""
BeaverBuddies.Colony.Trade.LedgerRowTooltip,"Click to put this round's terms in your offer form.",""
BeaverBuddies.Colony.Trade.WantedByThem,"{0} is looking for this.",""
BeaverBuddies.Colony.Trade.WantedByYou,"Your colony is looking for this.",""
BeaverBuddies.Lobby.Header.Host,"Co-op Game",""
BeaverBuddies.Lobby.Header.Guest,"{0}'s game",""
BeaverBuddies.Lobby.Players,"Players ({0})",""
BeaverBuddies.Lobby.Tag.Host,"Host",""
BeaverBuddies.Lobby.Tag.HostColony,"Host · Colony {0}",""
BeaverBuddies.Lobby.Tag.Colony,"Colony {0}",""
BeaverBuddies.Lobby.Tag.Helper,"Helper",""
BeaverBuddies.Lobby.You,"(you)",""
BeaverBuddies.Lobby.Ready,"Ready",""
BeaverBuddies.Lobby.NotReady,"Not ready",""
BeaverBuddies.Lobby.Joining,"Joining...",""
BeaverBuddies.Lobby.Button.Ready,"Ready",""
BeaverBuddies.Lobby.Button.Unready,"Not ready",""
BeaverBuddies.Lobby.Button.Leave,"Leave",""
BeaverBuddies.Lobby.DirectIp,"Friends without Steam join by IP, port {0}.",""
BeaverBuddies.Lobby.Remove.Tooltip,"Remove from the waiting room",""
BeaverBuddies.Lobby.Status.OneNotReady,"{0} is not ready yet. You can still start.",""
BeaverBuddies.Lobby.Status.OneJoining,"A player is still joining. You can still start.",""
BeaverBuddies.Lobby.Status.SomeNotReady,"{0} players are not ready yet. You can still start.",""
BeaverBuddies.Lobby.Status.AllReady,"Everyone is ready.",""
BeaverBuddies.Lobby.Status.Starting,"Starting...",""
BeaverBuddies.Lobby.Status.GuestNotReady,"Press Ready when you are. {0} starts the game.",""
BeaverBuddies.Lobby.Status.GuestReady,"You're ready. Waiting for {0} to start the game...",""
BeaverBuddies.Lobby.Status.CreatingWorld,"{0} is creating the world...",""
BeaverBuddies.Lobby.Status.SendingWorld,"Receiving the world...",""
BeaverBuddies.Lobby.Confirm.Alone,"Nobody has joined yet. Start on your own? Once it starts, nobody can join until you save and rehost.",""
BeaverBuddies.Lobby.Confirm.NotReady,"Not everyone is ready ({0}). Start anyway? Everyone in the waiting room comes into the game, ready or not.",""
BeaverBuddies.Lobby.Confirm.Remove,"Remove {0} from the waiting room?",""
BeaverBuddies.Lobby.Confirm.RemoveButton,"Remove",""
BeaverBuddies.Lobby.Confirm.Cancel,"Close the waiting room? Everyone in it is told and goes back to what they were doing.",""
BeaverBuddies.Lobby.Confirm.Close,"Close",""
BeaverBuddies.Lobby.Confirm.Leave,"Leave {0}'s waiting room?",""
BeaverBuddies.Lobby.Confirm.Stay,"Stay",""
BeaverBuddies.Lobby.Confirm.Start,"Start anyway",""
BeaverBuddies.Lobby.Confirm.KeepWaiting,"Keep waiting",""
BeaverBuddies.Lobby.End.Cancelled,"{0} closed the waiting room.",""
BeaverBuddies.Lobby.End.Removed,"{0} removed you from the waiting room.",""
BeaverBuddies.Lobby.End.Failed,"{0} couldn't start the game: {1}",""
BeaverBuddies.Lobby.Watchdog,"{0}'s game hasn't answered for two minutes.",""
BeaverBuddies.Lobby.Connecting,"Connecting to {0}...",""
BeaverBuddies.Lobby.ConnectingAnyone,"Connecting...",""
BeaverBuddies.Lobby.CouldNotOpen,"The waiting room couldn't start. Player.log says why.",""
BeaverBuddies.Lobby.Failed,"Couldn't start the co-op game: {0}. You can play this world on your own, or save it and use Host co-op game.",""
BeaverBuddies.Lobby.Tip.Creating,"Creating the world for your co-op game...",""
BeaverBuddies.Lobby.Tip.Loading,"Loading your co-op game...",""
BeaverBuddies.Lobby.Tip.GuestLoading,"Loading {0}'s co-op game...",""
BeaverBuddies.Panel.Loading,"{0} (loading)",""
BeaverBuddies.Lobby.SaveLine,"{0} · {1}",""
BeaverBuddies.Lobby.Faction.Yours,"Your faction",""
BeaverBuddies.Lobby.Faction.MixedSave,"Separate colonies, mixed factions: each colony keeps its faction. A player without a colony picks one when founding it.",""
BeaverBuddies.Colony.Faction.NotUnlocked,"Mixed factions is on, but {0} isn't unlocked on this computer, so this game has one faction.",""
BeaverBuddies.Colony.Faction.Choose,"Choose your colony's faction, then place its district center.",""
BeaverBuddies.Colony.Faction.PlacePicked,"Place your {0} colony's district center.",""
BeaverBuddies.Colony.Faction.ChooseAnother,"Another faction",""
BeaverBuddies.Colony.Faction.Found,"Play {0}",""
BeaverBuddies.Colony.Faction.StartPrompt,"Your colony starts as {0}. You can switch to {1} until it builds anything of its own faction.",""
BeaverBuddies.Colony.Faction.Switch,"Switch to {0}",""
BeaverBuddies.Colony.Faction.Keep,"Keep {0}",""
BeaverBuddies.Colony.Faction.Switched,"{0} now plays {1}.",""
BeaverBuddies.Colony.Faction.SwitchButton,"Play {0} instead",""
BeaverBuddies.Colony.Faction.SwitchTooltip,"Only before your colony builds anything of its own faction: its district center and beavers become {0}.",""
BeaverBuddies.Colony.Refused.FactionUnavailable,"The host hasn't unlocked that faction.",""
BeaverBuddies.Colony.Refused.FactionSwitch,"A colony can change faction only before it builds anything of its own faction.",""
BeaverBuddies.Colony.Refused.OtherFactionBuilding,"That building belongs to another faction.",""
BeaverBuddies.Colony.Trade.ErrorNotStorable,"{0}'s colony can't store {1}. Between factions, only goods both factions use can be traded.",""
BeaverBuddies.Colony.Trade.ErrorNotStorableYou,"Your colony can't store {0}. Between factions, only goods both factions use can be traded.",""
BeaverBuddies.Colony.Trade.ErrorBeaversFaction,"Beavers can only move between colonies of the same faction.",""
BeaverBuddies.Colony.Trade.Notice.OfferFailedFaction,"Your offer wasn't sent: between factions, only goods both factions use, and science, can be traded.",""
BeaverBuddies.Colony.Trade.Notice.VoidFaction,"An exchange at a Trading Post ended: its colonies' factions no longer allow its terms.",""
BeaverBuddies.Colony.Trade.BetweenFactions,"Between factions: goods both factions use, and science. No beavers.",""
BeaverBuddies.Colony.Trade.StatusYourHalfBlocked,"Your half is paused or flooded.",""
BeaverBuddies.Colony.Trade.StatusNoRoom,"Waiting for {0}: {2} {1} from last round are still on their half.",""
BeaverBuddies.Colony.Trade.StatusNoStock,"You have no more {0} to bring.",""
BeaverBuddies.Colony.Trade.StatusTheirHalfBlocked,"Your side is in. {0}'s half is paused or flooded.",""
BeaverBuddies.Colony.Trade.StatusTheirNoWorkers,"Your side is in. {0}'s half has no workers.",""
BeaverBuddies.Colony.Trade.StatusTheirNoStock,"Your side is in. {0} has no more {1}.",""
BeaverBuddies.Colony.Trade.StatusHaulAway,"Your side is in. Haul away the {0} {1} on your half so {2} can bring the next round.",""
BeaverBuddies.Colony.Trade.Notice.PostRemoved,"A Trading Post was removed, so its exchange has ended. The goods waiting on it are left on the ground for any colony to collect.",""
BeaverBuddies.CoopFix.Stopped,"Co-op has stopped. This Timberborn version changed a part of the game that Timber Together keeps in sync, and this game needs it: {0}. Played together, your games would go out of sync. You can keep playing alone. To play together again, update Timber Together and make sure every player has the same Timberborn version.",""
BeaverBuddies.NewGame.SeparateColonies,"Separate colonies",""
BeaverBuddies.NewGame.SeparateColonies.Tooltip,"Each player builds their own colony. Unticked, everyone plays one shared colony, and a player can still found their own later from the game menu (Esc).",""
BeaverBuddies.NewGame.SeparateScience,"Separate science and unlocks",""
BeaverBuddies.NewGame.SeparateScience.Tooltip,"Each colony earns its own science and unlocks its own buildings. Unticked, the colonies share one pool of science and unlocks.",""
BeaverBuddies.NewGame.MixedFactions,"Mixed factions",""
BeaverBuddies.NewGame.MixedFactions.Tooltip,"Each player picks Folktails or Iron Teeth for their own colony, in the waiting room or when founding it.",""
BeaverBuddies.NewGame.MixedFactions.Locked,"Mixed factions needs every faction unlocked on this computer: {0} is still locked.",""
BeaverBuddies.NewGame.MixedFactions.NotTwo,"Mixed factions is made for Folktails and Iron Teeth, and another faction is installed.",""
BeaverBuddies.Lobby.Colonies.Separate,"Separate colony",""
BeaverBuddies.Lobby.Colonies.SeparateMixed,"Separate colony",""
BeaverBuddies.Lobby.Colonies.SeparateSave,"Separate colony",""
BeaverBuddies.Lobby.Colonies.Shared,"Shared colony",""
BeaverBuddies.Colony.Founding.SharedHost,"This game has one shared colony, which you play as host. The other players can found their own from the game menu (Esc).",""
BeaverBuddies.Colony.Founding.SharedUseMenu,"This game has one shared colony. To found your own, choose Found your own colony in the game menu (Esc).",""
BeaverBuddies.Colony.Founding.SplitDone,"Your colony is founded. This game now has separate colonies, for good, and each colony earns its own science.",""
BeaverBuddies.Colony.Founding.SplitHost,"A new colony has been founded: {0}. This game now has separate colonies, for good. The shared colony and its science are yours, and each colony earns its own science from now on.",""
BeaverBuddies.Colony.Founding.SplitOther,"A new colony has been founded: {0}. This game now has separate colonies, for good. Found your own with Ctrl+K, or ask the host to let you look after theirs (Y).",""
BeaverBuddies.Colony.Split.Button,"Found your own colony",""
BeaverBuddies.Colony.Split.Confirm,"Found your own colony?

This gives every player separate colonies, and it can't be undone: it will never be one shared colony again. The shared colony, with everything built so far, stays the host's.

You place a new district center, which starts with the game's starting beavers and goods. Your colony keeps every unlock made so far, then earns its own science. The science already earned stays with the host's colony.",""
BeaverBuddies.Colony.Split.ConfirmButton,"Found my colony",""
BeaverBuddies.Colony.Split.AlreadySeparate,"This game already has separate colonies. Found your own with Ctrl+K.",""
BeaverBuddies.Lobby.Colonies.SharedToSeparate,"Separate colonies from Start: everything built so far becomes the host's colony, and each other player founds their own.",""
BeaverBuddies.Lobby.Convert.SeparateTooltip,"This save becomes a separate-colonies game at Start, for good: everything built so far is your colony, and each friend founds their own. Unticked, it stays one shared colony.",""
BeaverBuddies.Lobby.Convert.ScienceTooltip,"Each colony earns its own science and unlocks its own buildings; the science and unlocks so far stay with your colony, and your friends' colonies start with none. Unticked, the colonies share them, as they do now.",""
BeaverBuddies.Colony.Converted.Host,"This game now has separate colonies, for good: everything built so far is your colony. Your friends are founding theirs.",""
BeaverBuddies.Saving.Status.Shared,"One shared colony. When you host it, you can make it separate colonies.",""
BeaverBuddies.Saving.Status.Separate,"Separate colonies: {0} players",""
BeaverBuddies.Saving.Status.Separate.One,"Separate colonies: only yours so far",""
BeaverBuddies.Saving.Status.SeparateMixed,"Separate colonies, Folktails and Iron Teeth: {0} players",""
BeaverBuddies.Saving.Status.SeparateMixed.One,"Separate colonies, Folktails and Iron Teeth: only yours so far",""
BeaverBuddies.Host.FromGame.Confirm,"Host this game as a co-op game?

It's saved first as a new save, then its waiting room opens over it. Invite your friends there. When everyone is ready, Start game loads it for all of you.",""
BeaverBuddies.Host.Rehost.Confirm,"Save and rehost?

This game is saved, then its waiting room opens over it. The other players are brought into the room from their own games (after a desync or a lost connection, they choose Reconnect or Rejoin). When everyone is ready, Start game loads it for all of you.",""
BeaverBuddies.Rejoin.Waiting,"Waiting for the host to open the waiting room. You join as soon as it opens.",""
BeaverBuddies.Rejoin.WaitingSteam,"Waiting for the host to open the waiting room. You join as soon as it opens, or when you accept the host's Steam invite.",""
BeaverBuddies.Rejoin.Following,"The host is moving this game to a waiting room. You join as soon as it opens.",""
BeaverBuddies.Rejoin.Button,"Rejoin",""
BeaverBuddies.Rejoin.Stay,"Stay here",""
BeaverBuddies.Invite.InCoopGame,"{0} invited you to their co-op game. You're already in one: leave it from the game menu (Esc), then accept the invite again, or use Join co-op game in the main menu.",""
BeaverBuddies.Invite.WhileHosting,"{0} invited you to their co-op game. You're hosting a waiting room: close it first, then accept the invite again.",""
